Month;Total Sales
12;65042.66036
1;73411.434
2;74367.85333
3;74421.18679
4;72193.96143
5;72972.048
